<?xml version="1.0" encoding="UTF-8" ?>
<!DOCTYPE configuration PUBLIC "-//mybatis.org//DTD Config 3.0//EN" "http://mybatis.org/dtd/mybatis-3-config.dtd">

<configuration>
	<settings>
		<setting name="mapUnderscoreToCamelCase" value="true" />
		<setting name="useGeneratedKeys" value="true"/>
	</settings>
	<typeAliases>
		<typeAlias alias="String" type="java.lang.String"/>
		<typeAlias alias="Integer" type="java.lang.Integer" />
		<typeAlias alias="Long" type="java.lang.Long" />
		<typeAlias alias="HashMap" type="java.util.HashMap" />
		<typeAlias alias="ArrayList" type="java.util.ArrayList" />
		<typeAlias alias="DocFileEntity" type="com.doc.management.bean.DocFileEntity"/>
		<typeAlias alias="WorkNoticeEntity" type="com.doc.management.bean.WorkNoticeEntity"/>
	</typeAliases>
	
</configuration>